{
  "path_len": 60.61641354910151,
  "net_disp": 1.9259728484214673,
  "directionality": 0.0317731244007262,
  "mean_turn": 2.0354862162698155
}