{
  "step": 300,
  "lyra": {
    "rho": 0.81,
    "delta_r": 0.3799085339524385,
    "tau_c": 0.22
  },
  "epistemic": {
    "E_p": {
      "coherence": 0.642383536111439
    },
    "E_d": {
      "fit": 0.6849826369831713
    },
    "E_m": {
      "pressure": 0.4589496936738412
    }
  },
  "flags": {
    "phase_lambda_active": false,
    "plateau_streak": 0
  },
  "ts": "2025-08-28T10:30:17.316442Z"
}